<?xml version="1.0" encoding="UTF-8" standalone="yes"?>
<addon id="script.qlickplay" name="[COLOR ff0084ff]Q[/COLOR]lick[COLOR ff0084ff]P[/COLOR]lay" version="1.0.2" provider-name="[COLOR FF8ABEE2]Open[/COLOR][COLOR FF757677]ELEQ[/COLOR]">
	<requires>
		<import addon="xbmc.python" version="2.1.0"/>
		<import addon="script.module.pil" version="1.1.7"/>
		<import addon="script.module.requests" version="1.1.0"/>
		<import addon="script.module.simplejson" version="2.0.10"/>
		<import addon="script.module.youtube.dl" version="14.519.1"/>
		<import addon="plugin.video.metalliq" version="1.0.9"/>
	</requires>
	<extension point="xbmc.addon.metadata">
		<language/>
		<summary lang="en">[COLOR ff0084ff]Q[/COLOR]lick[COLOR ff0084ff]P[/COLOR]lay</summary>
		<description lang="en">This script offers various possibilities to display online content inside skins as well as a complete MovieDB browser including info dialogs for various media types. Used services are themoviedb.org, theaudiodb.org, rottentomatoes.com, Trakt.TV, omdbapi.com and a lot more. Once info is found, [COLOR ff0084ff]Q[/COLOR]lick[COLOR ff0084ff]P[/COLOR]lay can pass it to [COLOR ff0084ff]M[/COLOR]etalli[COLOR ff0084ff]Q[/COLOR] to to try and play it or add it to your kodi-library. Needs skin implementation for lot of functions. Uses [COLOR ff0084ff]M[/COLOR]etalli[COLOR ff0084ff]Q[/COLOR] for playback and library functions.</description>
		<summary lang="nl">[COLOR ff0084ff]Q[/COLOR]lick[COLOR ff0084ff]P[/COLOR]lay</summary>
		<description lang="nl">Dit script biedt meerdere mogelijkheded om online content weer te geven in skins en bevat ook een complete MovieDB browser inclusief info dialogen voor verscheidene media types. Gebruikte diensten zijn themoviedb.org, theaudiodb.org, rottentomatoes.com, Trakt.TV, omdbapi.com en nog veel meer. Zodra info gevonden is kan [COLOR ff0084ff]Q[/COLOR]lick[COLOR ff0084ff]P[/COLOR]lay die doorgeven aan [COLOR ff0084ff]M[/COLOR]etalli[COLOR ff0084ff]Q[/COLOR] om te pogen af te spelen of aan uw kodi-bibliotheek toe te voegen. Vereist skin implementatie voor de meeste functies. Gebruikt [COLOR ff0084ff]M[/COLOR]etalli[COLOR ff0084ff]Q[/COLOR] voor afspeel en bibliotheek functies.</description>
		<platform>all</platform>
		<license>GNU GENERAL PUBLIC LICENSE Version 2, June 1991</license>
	</extension>
</addon>
