<?xml version="1.0" encoding="UTF-8" standalone="yes"?>
<addon id="plugin.video.koala" name="KOALA" version="3.5" provider-name="KOALA MAN">
  <requires>
    <import addon="xbmc.python" version="2.1.0"/>
    <import addon="script.module.beautifulsoup" version="3.2.1"/>
    <import addon="script.module.simple.downloader" version="0.9.4"/>
    <import addon="script.module.beautifulsoup4"/>
    <import addon="script.module.requests"/>
    <import addon="script.module.httplib2"/>
    <import addon="script.module.youtube.dl" optional="true"/>
    <import addon="plugin.video.youtube"/>
    <import addon="script.module.urlresolver" optional="true"/>
    <import addon="script.module.simplejson"/>
  </requires>
  <extension point="xbmc.python.pluginsource" library="default.py">
    <provides>video</provides>
  </extension>
	<extension point="xbmc.addon.repository" name="tvtuga Repository">
		<info compressed="false">http://raw.github.com/Milhano/repository.tvtuga/master/addons.xml</info>
		<checksum>http://raw.github.com/Milhano/repository.tvtuga/master/addons.xml.md5</checksum>
		<datadir zip="true">http://raw.github.com/Milhano/repository.tvtuga/master/repo/</datadir>
	</extension>  
  <extension point="xbmc.addon.metadata">
    <summary>TOPIPTV BY TEAM J2MF4</summary>
    <description>TEAM J2MF4 IPTV4ALL "WE LEAD THE WAY"
 </description>
    <platform>all</platform>
  </extension>
</addon>
