﻿<?xml version="1.0" encoding="UTF-8" standalone="yes"?>
<addon id="repo.kuala" name="Kuala Repositorio" version="0.0.3" provider-name="akuala">
	<extension point="xbmc.addon.repository" name="Demonstration Add-on Repository">
		<info compressed="false">http://raw.github.com/akuala/repo.kuala/master/addons.xml</info>
		<checksum>http://raw.github.com/akuala/repo.kuala/master/addons.xml.md5</checksum>
		<datadir zip="true">http://raw.github.com/akuala/repo.kuala/master/repo/</datadir>
	</extension>
	<extension point="xbmc.addon.metadata">
		<summary>Oficial Repositorio Koala</summary>
		<description>Este reposositorio e oficial do Kuala for Kodi</description>
		<disclaimer></disclaimer>
		<platform>all</platform>
	</extension>
</addon>